ApplicationID,JobSeekerID,JobID,ApplicationDate,Outcome,InterviewDate,Status
20250701,7041,1,2025-02-26,,,Applied
20250702,7070,1,2025-02-24,,,Screening
20250703,7008,1,2025-10-11,Interview,2025-11-27,Interview
20250704,7049,2,2025-06-30,,,Screening
20250705,7019,2,2025-11-19,,2025-11-29,Offer
20250706,7033,2,2025-11-23,Rejected,,Rejected
20250707,7046,3,2025-11-01,,,Applied
20250708,7070,3,2025-10-25,Hired,2025-10-27,Hired
20250709,7003,4,2025-11-12,Interview,2025-11-16,Interview
20250710,7004,4,2025-11-19,,,Applied
20250711,7056,5,2025-08-11,Interview,2025-10-26,Interview
20250712,7063,5,2025-11-06,,,Applied
20250713,7035,5,2025-07-08,Rejected,,Rejected
20250714,7024,6,2025-11-26,,,Applied
20250715,7066,6,2025-11-19,,,Screening
20250716,7056,6,2025-11-20,,,Applied
20250717,7060,7,2025-02-20,,2025-11-21,Offer
20250718,7070,7,2025-02-27,Rejected,,Rejected
20250719,7008,8,2025-07-09,,,Screening
20250720,7049,8,2025-04-17,,,Applied
20250721,7050,8,2025-07-29,,,Applied
20250722,7034,9,2025-10-04,,,Applied
20250723,7063,9,2025-10-17,Rejected,,Rejected
20250724,7057,9,2025-10-10,Rejected,,Rejected
20250725,7024,10,2025-02-25,,,Applied
20250726,7033,10,2025-11-05,,,Applied
20250727,7003,11,2025-10-13,,,Screening
20250728,7037,11,2025-11-05,Interview,2025-11-09,Interview
20250729,7050,11,2025-11-06,Rejected,,Rejected
20250730,7035,12,2025-09-17,,,Applied
20250731,7001,12,2025-05-23,,,Applied
20250732,7056,12,2025-07-26,Rejected,,Rejected
20250733,7039,13,2025-10-13,Rejected,,Rejected
20250734,7007,13,2025-10-06,,,Applied
20250735,7044,13,2025-11-03,,,Screening
20250736,7038,14,2025-11-05,,,Screening
20250737,7034,14,2025-10-16,,,Screening
20250738,7006,15,2025-07-15,Interview,2025-10-07,Interview
20250739,7029,15,2025-03-25,,,Applied
20250740,7045,15,2025-06-10,Rejected,,Rejected
20250741,7008,16,2025-11-09,Hired,2025-11-11,Hired
20250742,7039,16,2025-09-11,,,Applied
20250743,7066,17,2025-11-26,,,Applied
20250744,7063,17,2025-11-23,Hired,2025-11-26,Hired
20250745,7048,18,2025-08-21,,,Screening
20250746,7026,18,2025-11-27,,,Screening
20250747,7039,18,2025-05-17,,,Applied
20250748,7050,19,2025-11-26,,,Applied
20250749,7054,19,2025-08-18,,,Applied
20250750,7022,19,2025-09-30,,,Applied
20250751,7016,20,2025-12-01,Rejected,,Rejected
20250752,7009,20,2025-11-30,Interview,2025-12-01,Interview
20250753,7058,20,2025-12-01,,,Screening
20250754,7029,21,2025-08-29,,,Screening
20250755,7036,21,2025-08-14,,,Screening
20250756,7066,22,2025-10-18,,2025-11-12,Offer
20250757,7050,22,2025-10-23,,,Screening
20250758,7070,23,2025-07-17,,,Screening
20250759,7061,23,2025-08-21,,,Applied
20250760,7002,24,2025-07-09,Rejected,,Rejected
20250761,7029,24,2025-07-28,Hired,2025-10-09,Hired
20250762,7017,25,2025-09-05,Hired,2025-09-17,Hired
20250763,7063,25,2025-08-05,Rejected,,Rejected
20250764,7002,25,2025-10-17,Interview,2025-11-13,Interview
20250765,7051,26,2025-07-13,,2025-08-31,Offer
20250766,7027,26,2025-08-03,,,Applied
20250767,7015,26,2025-04-12,,2025-07-14,Offer
20250768,7008,27,2025-08-28,Hired,2025-09-14,Hired
20250769,7045,27,2025-04-02,Interview,2025-05-10,Interview
20250770,7030,28,2025-10-12,,,Applied
20250771,7016,28,2025-10-23,,,Applied
20250772,7051,28,2025-11-13,Rejected,,Rejected
20250773,7007,29,2025-11-20,Interview,2025-11-26,Interview
20250774,7004,29,2025-11-19,,,Screening
20250775,7030,30,2025-10-15,,,Applied
20250776,7007,30,2025-08-24,,,Applied
